Query,Title
Canoo industry overview size growth rate trends key players,Canoe Market Trends and Growth Perspectives: Top Key Players Analysis for 2032
Canoo industry overview size growth rate trends key players,"Canoe Market Size, Growth & Trends Report [2024-2030]"
Canoo industry overview size growth rate trends key players,Canoo Created Over 100 Jobs in State of Oklahoma to Scale Electric Vehicle Manufacturing :: Canoo Inc. (GOEV)
Canoo competitors market share products services pricing strategies marketing efforts,Canoo Inc Competitors 2024 | Stocks: GOEV - Macroaxis
Canoo competitors market share products services pricing strategies marketing efforts,Canoo has entered into a $45 million Convertible Preferred Stock purchase agreement by a foreign strategic institutional investor with the potential for upsizing to $150 million :: Canoo Inc. (GOEV)
Canoo competitors market share products services pricing strategies marketing efforts,"Canoe Market Analysis, Research, Regional outlook, Competitive analysis, Projections, Forecast 2021-28"
Canoo competitors market share products services pricing strategies marketing efforts,CANOO INC. ANNOUNCES SECOND QUARTER 2023 RESULTS :: Canoo Inc. (GOEV)
Key trends in the automotive market,Seven Important Automotive Industry Trends (2024-2030)
Key trends in the automotive market,10 Important Auto Industry Trends (2024-2026)
Key trends in the automotive market,Automotive industry trends: PwC
Key trends in the automotive market,Highlights of the Automotive Trends Report | US EPA
Canoo financial performance revenue profit margins ROI expense structure,Income Statement :: Canoo Inc. (GOEV)
Canoo financial performance revenue profit margins ROI expense structure,"Canoo (Nasdaq:GOEV) - Stock Price, News & Analysis  - Simply Wall St"
